<ImportExportXml version="7.0.0000.3543" SolutionPackageVersion="7.0" languagecode="1033" generatedBy="OnPremise" xmlns:xsi="http://www.w3.org/2001/XMLSchema-instance">
  <SolutionManifest>
    <UniqueName>dog</UniqueName>
    <LocalizedNames>
      <LocalizedName description="dog" languagecode="1033" />
    </LocalizedNames>
    <Descriptions />
    <Version>0.0.0.1</Version>
    <Managed>0</Managed>
    <Publisher>
      <UniqueName>DefaultPublisherLucasTest02</UniqueName>
      <LocalizedNames>
        <LocalizedName description="Default Publisher for LucasTest02" languagecode="1033" />
      </LocalizedNames>
      <Descriptions>
        <Description description="Default publisher for this organization" languagecode="1033" />
      </Descriptions>
      <EMailAddress xsi:nil="true"></EMailAddress>
      <SupportingWebsiteUrl xsi:nil="true"></SupportingWebsiteUrl>
      <CustomizationPrefix>new</CustomizationPrefix>
      <CustomizationOptionValuePrefix>10000</CustomizationOptionValuePrefix>
      <Addresses>
        <Address>
          <AddressNumber>1</AddressNumber>
          <AddressTypeCode xsi:nil="true"></AddressTypeCode>
          <City xsi:nil="true"></City>
          <County xsi:nil="true"></County>
          <Country xsi:nil="true"></Country>
          <Fax xsi:nil="true"></Fax>
          <FreightTermsCode xsi:nil="true"></FreightTermsCode>
          <ImportSequenceNumber xsi:nil="true"></ImportSequenceNumber>
          <Latitude xsi:nil="true"></Latitude>
          <Line1 xsi:nil="true"></Line1>
          <Line2 xsi:nil="true"></Line2>
          <Line3 xsi:nil="true"></Line3>
          <Longitude xsi:nil="true"></Longitude>
          <Name xsi:nil="true"></Name>
          <PostalCode xsi:nil="true"></PostalCode>
          <PostOfficeBox xsi:nil="true"></PostOfficeBox>
          <PrimaryContactName xsi:nil="true"></PrimaryContactName>
          <ShippingMethodCode xsi:nil="true"></ShippingMethodCode>
          <StateOrProvince xsi:nil="true"></StateOrProvince>
          <Telephone1 xsi:nil="true"></Telephone1>
          <Telephone2 xsi:nil="true"></Telephone2>
          <Telephone3 xsi:nil="true"></Telephone3>
          <TimeZoneRuleVersionNumber xsi:nil="true"></TimeZoneRuleVersionNumber>
          <UPSZone xsi:nil="true"></UPSZone>
          <UTCOffset xsi:nil="true"></UTCOffset>
          <UTCConversionTimeZoneCode xsi:nil="true"></UTCConversionTimeZoneCode>
        </Address>
        <Address>
          <AddressNumber>2</AddressNumber>
          <AddressTypeCode xsi:nil="true"></AddressTypeCode>
          <City xsi:nil="true"></City>
          <County xsi:nil="true"></County>
          <Country xsi:nil="true"></Country>
          <Fax xsi:nil="true"></Fax>
          <FreightTermsCode xsi:nil="true"></FreightTermsCode>
          <ImportSequenceNumber xsi:nil="true"></ImportSequenceNumber>
          <Latitude xsi:nil="true"></Latitude>
          <Line1 xsi:nil="true"></Line1>
          <Line2 xsi:nil="true"></Line2>
          <Line3 xsi:nil="true"></Line3>
          <Longitude xsi:nil="true"></Longitude>
          <Name xsi:nil="true"></Name>
          <PostalCode xsi:nil="true"></PostalCode>
          <PostOfficeBox xsi:nil="true"></PostOfficeBox>
          <PrimaryContactName xsi:nil="true"></PrimaryContactName>
          <ShippingMethodCode xsi:nil="true"></ShippingMethodCode>
          <StateOrProvince xsi:nil="true"></StateOrProvince>
          <Telephone1 xsi:nil="true"></Telephone1>
          <Telephone2 xsi:nil="true"></Telephone2>
          <Telephone3 xsi:nil="true"></Telephone3>
          <TimeZoneRuleVersionNumber xsi:nil="true"></TimeZoneRuleVersionNumber>
          <UPSZone xsi:nil="true"></UPSZone>
          <UTCOffset xsi:nil="true"></UTCOffset>
          <UTCConversionTimeZoneCode xsi:nil="true"></UTCConversionTimeZoneCode>
        </Address>
      </Addresses>
    </Publisher>
    <RootComponents>
      <RootComponent type="1" schemaName="account" />
      <RootComponent type="1" schemaName="new_dog" />
      <RootComponent type="50" schemaName=":RibbonDiffXml" />
      <RootComponent type="60" id="{4e76815a-1f63-df11-ae90-00155d2e3002}" />
      <RootComponent type="62" />
    </RootComponents>
    <MissingDependencies>
      <MissingDependency>
        <Required key="0" type="1" schemaName="new_request" displayName="Request" solution="Active" />
        <Dependent key="1" type="62" id="{c5cf2e5b-723f-e511-940f-08002751dfcb}" />
      </MissingDependency>
      <MissingDependency>
        <Required key="2" type="1" schemaName="north52_configuration" displayName="N52 Configuration" solution="North52FormulaManager (1.0.0.486)" />
        <Dependent key="1" type="62" id="{c5cf2e5b-723f-e511-940f-08002751dfcb}" />
      </MissingDependency>
      <MissingDependency>
        <Required key="3" type="1" schemaName="north52_schedule" displayName="N52 Schedule" solution="North52FormulaManager (1.0.0.486)" />
        <Dependent key="1" type="62" id="{c5cf2e5b-723f-e511-940f-08002751dfcb}" />
      </MissingDependency>
      <MissingDependency>
        <Required key="4" type="1" schemaName="msdyn_postruleconfig" displayName="Post Rule Configuration" solution="ActivityFeedsCore (7.0.0.3543)" />
        <Dependent key="1" type="62" id="{c5cf2e5b-723f-e511-940f-08002751dfcb}" />
      </MissingDependency>
      <MissingDependency>
        <Required key="5" type="1" schemaName="north52_trace" displayName="N52 Trace" solution="North52FormulaManager (1.0.0.486)" />
        <Dependent key="1" type="62" id="{c5cf2e5b-723f-e511-940f-08002751dfcb}" />
      </MissingDependency>
      <MissingDependency>
        <Required key="6" type="1" schemaName="msdyn_postconfig" displayName="Post Configuration" solution="ActivityFeedsCore (7.0.0.3543)" />
        <Dependent key="1" type="62" id="{c5cf2e5b-723f-e511-940f-08002751dfcb}" />
      </MissingDependency>
      <MissingDependency>
        <Required key="7" type="1" schemaName="north52_formula" displayName="N52 Formula" solution="North52FormulaManager (1.0.0.486)" />
        <Dependent key="1" type="62" id="{c5cf2e5b-723f-e511-940f-08002751dfcb}" />
      </MissingDependency>
      <MissingDependency>
        <Required key="8" type="1" schemaName="north52_xcache" displayName="N52 xCache" solution="North52FormulaManager (1.0.0.486)" />
        <Dependent key="1" type="62" id="{c5cf2e5b-723f-e511-940f-08002751dfcb}" />
      </MissingDependency>
      <MissingDependency>
        <Required key="9" type="26" schemaName="Open Activities" displayName="Open Activities" parentSchemaName="activitypointer" parentDisplayName="Activity" solution="System" id="{00000000-0000-0000-00aa-000010001900}" />
        <Dependent key="10" type="60" displayName="Information" parentDisplayName="Account" id="{b053a39a-041a-4356-acef-ddf00182762b}" />
      </MissingDependency>
      <MissingDependency>
        <Required key="11" type="26" schemaName="My Active Contacts" displayName="My Active Contacts" parentSchemaName="contact" parentDisplayName="Contact" solution="System" id="{00000000-0000-0000-00aa-000010001003}" />
        <Dependent key="10" type="60" displayName="Information" parentDisplayName="Account" id="{b053a39a-041a-4356-acef-ddf00182762b}" />
      </MissingDependency>
      <MissingDependency>
        <Required key="12" type="26" schemaName="Active Services" displayName="Active Services" parentSchemaName="service" parentDisplayName="Service" solution="System" id="{2bd4de5e-a7b4-4f5d-8fde-eb3b62d8e2b2}" />
        <Dependent key="10" type="60" displayName="Information" parentDisplayName="Account" id="{b053a39a-041a-4356-acef-ddf00182762b}" />
      </MissingDependency>
      <MissingDependency>
        <Required key="13" type="61" schemaName="msdyn_/RecordWall.htm" displayName="msdyn_/RecordWall.htm" solution="ActivityFeedsCore (7.0.0.3543)" />
        <Dependent key="10" type="60" displayName="Information" parentDisplayName="Account" id="{b053a39a-041a-4356-acef-ddf00182762b}" />
      </MissingDependency>
      <MissingDependency>
        <Required key="14" type="61" schemaName="msdyn_/ActivityFeeds.Form.js" displayName="msdyn_/ActivityFeeds.Form.js" solution="ActivityFeedsCore (7.0.0.3543)" />
        <Dependent key="10" type="60" displayName="Information" parentDisplayName="Account" id="{b053a39a-041a-4356-acef-ddf00182762b}" />
      </MissingDependency>
      <MissingDependency>
        <Required key="15" type="61" schemaName="north52_html_bpa" displayName="north52_html_bpa" solution="North52FormulaManager (1.0.0.486)" />
        <Dependent key="1" type="62" id="{c5cf2e5b-723f-e511-940f-08002751dfcb}" />
      </MissingDependency>
      <MissingDependency>
        <Required key="16" type="61" schemaName="north52_image_home" displayName="north52_image_home" solution="North52FormulaManager (1.0.0.486)" />
        <Dependent key="1" type="62" id="{c5cf2e5b-723f-e511-940f-08002751dfcb}" />
      </MissingDependency>
      <MissingDependency>
        <Required key="17" type="61" schemaName="msdyn_/Images/Wall_16.png" displayName="msdyn_/Images/Wall_16.png" solution="ActivityFeedsCore (7.0.0.3543)" />
        <Dependent key="1" type="62" id="{c5cf2e5b-723f-e511-940f-08002751dfcb}" />
      </MissingDependency>
      <MissingDependency>
        <Required key="18" type="61" schemaName="msdyn_/PersonalWall.htm" displayName="msdyn_/PersonalWall.htm" solution="ActivityFeedsCore (7.0.0.3543)" />
        <Dependent key="1" type="62" id="{c5cf2e5b-723f-e511-940f-08002751dfcb}" />
      </MissingDependency>
    </MissingDependencies>
  </SolutionManifest>
</ImportExportXml>